col_1,col_2,col_3,col_4,col_5
PLdBEjuf,wuA6V4rq,VUhFOOVn,tGiTXSOV,DciWu3ri
KZM5XWMi,5AlsH0bP,4EnXZexS,XB7z5nbY,nDQ3EJGl
40yCd58q,7d4260wN,p1sVe0MN,3oF8HoGU,jEWgAxRs
I5qgotBP,GaoufQ1F,M588KEHT,ECmFklsa,2PfqMOBT
xVeV9h8H,x2IZHS8F,9Cayb44c,HPyF1pHX,5Xkna1pf
yquxQjTG,My3pSgi5,Dgnt0UO4,HlPQOGqj,s5vx7EYP
NZaqlQA8,FJXfQrRs,CkRyn22D,Y28u6DtA,74FRLbwf
UlMSF5tQ,hWzoeC2S,EFYdZEZd,HRvbxZc9,eC3sgqqy
eqqCIbW3,jU4ce37U,LpMEcu7k,dclqcyix,bPBM6vzl
5CnguOC3,eXvR5fgM,b8Jzh15Q,w6t972YA,nlakYuI6
avCkBRuV,w1kUBE9h,U5UYxTaN,UWUrdWLr,RC5y8Jnk
emM2MA7l,Vd6bPffz,yRRyoJUT,QIyPCZP9,7GGSUBKR
hnvQKGju,qNJVzeIw,6mrBaPy7,vSyYKqyM,DuCSw142
pMssxNQJ,Cn0q3cds,oom50bUT,s5gUy5sZ,XaxMlkGD
Hdsb2vGb,0eoZRJZS,jS7ddNpZ,DeM7aeas,MA4T1LDV
TUm9mrCj,mPBWYlVy,EnmmgDMa,m9e956a7,7xPxNj1T
qUwwkZPL,kxjFfFtI,8jBWGS7A,GfYGiy0u,bTloaXKj
5yiQmTWk,zA15IWhC,DcNk3J3j,as6HSguW,6DGTEScA
T2Ay6ydc,2Mijy2I7,L9yKL7CC,TmPrCNWZ,4r9r4FyX
WJfGJH2e,UbId9aOx,Zn4VMV9Z,SCEbUHWq,egTw7VfH
mCOir9Yc,JdVoQfJJ,zl1qGlNP,5Arz5ebb,XhUlWizt
P7UP3mje,VQLGnzS2,bobT6VwP,iPCpwwCx,vgvqukIk
Yt5N9JSQ,JPgEN77N,LxFUcfjk,RWI3gqJL,lW8cRGKT
Jjvz2TNG,2iGNDQkq,ZbfDf2UQ,Z3ZMORXY,bMcBkpve
QrwbRE5T,8qpNr7Tt,TGuKGbIs,IzsW0YjZ,TkYNPHkb
P5atAaec,EKuWZNKQ,w42yNjlr,576SAzOe,2ufJD0Dc
PrlTsRF4,HqnqMjgm,MmsA8TwE,FI62cVFF,umt8zFPi
Yj81neIu,pouEExTz,kDwoTbsP,vKHn2jVD,71WS3mo6
7NUjlrry,5ZsiaPpo,X2RP3qv3,dRtQYrEM,h0UkZqLt
j19CSBUk,ZEY8yRtL,Tb2aByIm,pPQMGEIZ,vRquYFYL
DyX6XbrE,olSZIrcb,MFEv0Neg,8Srvg1zH,z3hrM7MR
HbgmlvOE,HJjJo7O6,lgUujgeQ,lyPMICC1,o9pVVyq8
h744QKqn,uf0hZTYh,y9eQdUNu,pPRyWg2t,gy53RQbZ
cC7mNnsP,CkeDH4Wh,ErxRDrYx,iXDN0mQQ,pnwdeJ7M
EsU7poKQ,hcJxb5bo,CI5R7wN5,dnMTEL5p,1xBJz9Js
fCQXeB0J,pEOR9c3x,DQMHqJHp,DFlXxukk,CniKqCrF
9Qz9z21V,JFshTy6P,XehYBb09,GySf24Un,itM2XRYA
DsrCJ5gs,s8CGk9Qo,8TyFkC5M,cpab98zI,CSAgDs4e
CHVRP7sC,omotHMb7,h2d7AAwu,N9dkYO56,bVEy7IFC
Nsfr1p8A,OMkrYyHY,cJSSFxUW,1S8cuOSy,zZykS5fL
CwA8tt6g,0b0CrbE6,Zc7LAKmA,D1w0In87,q7jtT7zr
NBJhAARe,GfupMx3l,z5I1ceqj,aT94NlZB,TeQM28az
GfGSdv44,OmC3VhzJ,5bhocAxy,NWWcMkU2,42JkV3hp
1JRBLfRX,A1PaTKi6,zKaFXTTK,cNFOvIhM,mSHDJuiy
UHaOVqdF,HOih3SYf,SwdjNuZl,2BZaHCyE,pEqxUWIA
CpatKsHK,7icmH3KK,q6UT0MaI,2VoBZ8GP,NCCyp9wh
vFXZXdtf,unhp6ZHI,q50OGFJ8,o9UZBLwV,T9kWmxGy
tSxqt7Uw,hnPFybPk,to6wiDty,HCmMLZuR,61fIv75r
FQMmCIIl,95Y9xJEr,qtk6CztC,thAIp5q2,3fh0k1zd
eakNgbxA,CdfQvEv6,Dsj4RQVT,jEyNq859,XRtTMQfE
DvRd7lrk,ezEjNGfK,TLT0hEzy,oIGM5VXo,etiGGSeT
nJnkpvQs,Y4nFGFw5,nGBu4jqc,Fpj4Aw5f,NPDo96wJ
BIJs6Jns,4QGvZab2,LMA0bijh,F3p6vFkX,MbCXHELE
XpGJFsbM,EGWttizK,GO2OHVtp,JTvmLuFO,WKdDyEIW
pUdXDODr,LuDr10Df,Ot5mJWDz,O5u2BEiD,FEZWFjfi
GEYvUNOD,3U4enleg,bbt7os0L,S9gcXFW3,DtmzulNn
a7aCXPHS,Fti0CW8R,ClQL805X,tBU1kTnA,u4EZ3jqg
aqZ25fZ2,iLZSrBCv,xMpQaa5k,8OSKSFG7,XiMB0nNT
L0dOwKyR,N2NWrPQq,X9lXTH8P,4VM36yne,YT0QVlp4
Y9cRBoF0,g4ZUVwbD,wWuNKCqx,XmcoYZmT,nlwt2n97
krDDTGsY,WG9YUz8M,ckSm2HnR,FOcMkx8X,uFngIwLk
atECR3Sb,uP6r0EMA,AbRTv0nW,79obyJK5,O8DgtbzL
ELjMMxHC,bGP5AIHZ,O1olceKD,oRmCWyCY,cDJXEOkz
ldjptB2s,fO3ei8W6,eP6FZ3bG,1s8T32Pn,mjfAx9zW
DNvCewsF,DiqVPs4A,J2WFmUxU,nWpQnYN3,2QAsfWDx
8gz7eFTw,OZObVHvy,z8wX4TZg,mspdYjTD,qnWPvMbH
ZZ6Tl1yh,mBlLFSnu,oA9PcZUW,J1WP7a9S,mRjiHTXL
HxdczCkV,3bTE6dnD,Odq0ZwUe,hCoBpd0Q,O2JK76VM
qrte9gvO,JE7ZkBOb,uTD6vQH0,2W5jy3SW,g08qCXP7
XtDjz7p4,1GHhoq84,XhrI3EtA,xlRk4hRp,6kDJjsD2
rtpjW6hL,0ue0pdfr,xBUj8QNB,cfHqz6D3,W3fZIkAh
HfvfqFKi,ysBFL7CJ,qCPwZBxK,DK4wUArX,cFRozQDH
4yxAXeZr,LUxG1jro,X3rRHV0R,hfOGttZw,74ajR1VD
AKhjRoo4,MUaWcDvC,kJ6lTh4t,rONqjEec,yF93n1Kw
M1EBozTj,vJYZERnt,vGaujy04,aAj12fNL,u3Iq4hnD
5K7uqdKN,E41anV4Q,yWp2ESBo,x9wWlpg3,YfRgV3Vw
uJSOpn1O,YUM1KlU7,GAVrCGiu,5ooSog2Q,8kOsviWM
X8N3VXPQ,GJDBL9lu,Sd02gBUR,ssnjMlRn,1AI297qx
6YwvzP3t,hjcA3YQz,ij0sOLft,5C49cUlA,9TYIsVxM
VPfhRRDT,W2WRsU00,NfZKl9fF,iL70TgTQ,24nHjuwJ
f9BB3xru,WYzGWPuD,8woLC8pK,i58r02Z5,FRioQDNt
7Ql7G4Hs,FPxzsO8m,B3qUlR6B,1zuTXq5p,XhmtI3Tz
UIA8oI7o,GhfP3wYR,WQaeS6VX,jHyPZkJx,5Ps8P9Kj
SbjWjFfx,Pt5PBcTm,qkkiMk8v,miqIYmJv,SuTax1wt
ZUvcwyHZ,q7puwaH3,KIM6VlGZ,muri0fhZ,QqzH4Aew
Gb7rAnuo,79XCAJUC,oXT7kPEg,HmdkilXS,qh3149sF
GEiMM3BQ,GPufFkYT,Qpa2aei6,Pc4RCrwk,xhUAfVjf
Pd4lGrRY,XClIsoHY,inp79ZFO,9IVq0i3Y,zgh46mkk
R3FXVo3c,MrI4QqnQ,WARUnu2q,FU1HKRab,njHTD0uF
L2h2YjdZ,isf7EggK,6OBbs2yp,GUU71n96,t33BOgQw
2oApc94o,fZN1u2fu,Qay8WOwF,STTSKiF5,yKAKgCpF
525zJnx3,dIqN6XSZ,Co96otAO,gWGMK1gy,iJkyCB9N
H06qrOk9,5E2oIoT3,MjhJBuFa,ycjOh65D,yGFUViKc
WeOgrVc3,8b8jLRPQ,CHppR6YQ,CbVxtMfZ,y0AJYuBr
ZtYapirN,OJAeuQ0Y,VOZjFAW8,nwQE0Rld,xoVn0nvS
oEhQHC1P,ypqCICSE,55TMC1aU,I1VgKg0X,Y0bjebd6
JnIiX5Tp,gwf5N6C1,KhITN84Y,3MIhucUW,NphUL0BO
2yvlFvEU,hpFT2A2M,LHE5XlSc,VLQClckY,ESkAe2dj
0qVi6RQE,X28EwJSV,P6fJIIYD,LTcUCFvs,AnWPr8YR
WotIIvkW,fud9CUOF,LnjqZVov,cyoBbtbf,B5M2CgTq
